Date,Open,High,Low,Close
1/2/15,"10,859.80","10,889.25","10,770.50","10,830.92"
1/9/15,"10,764.37","10,811.82","10,457.89","10,711.41"
1/16/15,"10,508.62","10,664.53","10,503.35","10,660.32"
1/23/15,"10,682.00","10,869.00","10,589.47","10,788.33"
1/30/15,"10,787.30","10,848.04","10,532.55","10,537.22"
2/6/15,"10,567.96","10,931.76","10,495.71","10,847.51"
2/13/15,"10,831.04","11,045.93","10,803.97","11,042.69"
2/20/15,"11,042.78","11,111.41","10,976.29","11,108.67"
2/27/15,"11,091.47","11,142.56","11,047.22","11,062.79"
3/6/15,"11,053.66","11,103.34","10,826.45","10,842.17"
3/13/15,"10,846.05","10,885.08","10,659.03","10,751.02"
3/20/15,"10,787.47","11,094.27","10,787.47","11,070.53"
3/27/15,"11,089.66","11,115.58","10,815.96","10,875.15"
4/2/15,"10,919.05","11,009.01","10,834.02","10,953.16"
4/10/15,"10,936.84","11,114.51","10,927.02","11,112.68"
4/17/15,"11,110.18","11,203.07","11,010.93","11,058.45"
4/24/15,"11,058.51","11,221.14","11,058.51","11,192.93"
5/1/15,"11,226.42","11,248.99","11,013.66","11,140.36"
5/8/15,"11,154.99","11,205.96","10,961.18","11,196.50"
5/15/15,"11,182.12","11,228.69","11,058.98","11,228.35"
5/22/15,"11,207.02","11,254.87","11,192.63","11,197.69"
5/29/15,"11,197.60","11,197.61","11,033.06","11,056.31"
6/5/15,"11,081.67","11,147.81","10,924.56","10,979.33"
6/12/15,"10,975.23","11,101.13","10,882.81","11,009.91"
6/19/15,"10,942.51","11,137.40","10,898.47","11,038.96"
6/26/15,"11,104.66","11,170.82","11,008.98","11,040.31"
7/2/15,"10,940.98","10,953.07","10,768.63","10,864.82"
7/10/15,"10,770.04","10,871.46","10,622.32","10,853.92"
7/17/15,"10,853.92","11,032.61","10,853.92","10,987.17"
7/24/15,"10,991.28","10,991.28","10,706.14","10,721.95"
7/31/15,"10,688.86","10,933.39","10,636.27","10,882.28"
8/7/15,"10,883.47","10,916.22","10,728.48","10,763.15"
8/14/15,"10,804.81","10,906.08","10,628.94","10,782.24"
8/21/15,"10,743.56","10,819.69","10,195.69","10,195.69"
8/28/15,"9,864.30","10,256.84","9,509.60","10,242.06"
9/4/15,"10,198.32","10,226.16","9,821.37","9,871.85"
9/11/15,"9,974.78","10,219.56","9,942.95","10,040.22"
9/18/15,"10,026.56","10,362.27","9,964.52","10,031.60"
9/25/15,"10,049.36","10,132.06","9,727.00","9,857.25"
10/2/15,"9,803.40","9,973.56","9,565.23","9,973.56"
10/9/15,"10,035.86","10,400.15","10,035.86","10,361.26"
10/16/15,"10,356.33","10,424.99","10,214.99","10,421.91"
10/23/15,"10,385.46","10,519.82","10,299.05","10,506.51"
10/30/15,"10,495.91","10,538.22","10,364.92","10,460.96"
11/6/15,"10,474.58","10,641.62","10,441.84","10,513.35"
11/13/15,"10,486.72","10,488.20","10,145.65","10,155.07"
11/20/15,"10,143.38","10,499.05","10,141.55","10,444.20"
11/27/15,"10,433.63","10,472.79","10,358.03","10,450.53"
12/4/15,"10,455.48","10,523.79","10,227.36","10,408.86"
12/11/15,"10,408.86","10,408.86","9,956.71","9,976.65"
12/18/15,"9,977.82","10,282.24","9,880.42","9,967.65"
12/24/15,"10,017.13","10,290.36","9,961.05","10,258.55"
12/31/15,"10,225.99","10,318.42","10,142.34","10,143.42"
1/8/16,"10,020.05","10,039.96","9,513.25","9,528.77"
1/15/16,"9,575.18","9,644.45","9,192.07","9,299.62"
1/22/16,"9,343.13","9,437.79","9,343.13","9,426.91"
1/29/16,"9,393.54","9,632.72","9,258.66","9,632.70"
2/5/16,"9,578.92","9,651.20","9,276.34","9,390.33"
2/12/16,"9,294.88","9,315.96","8,944.05","9,229.68"
2/19/16,"9,317.94","9,551.63","9,275.73","9,485.96"
2/26/16,"9,485.77","9,682.93","9,325.24","9,619.79"
3/4/16,"9,615.17","10,010.66","9,558.86","9,968.41"
3/11/16,"9,922.38","10,105.02","9,826.52","10,104.19"
3/18/16,"10,073.33","10,248.07","9,970.95","10,223.43"
3/24/16,"10,204.71","10,232.80","10,003.98","10,086.60"
4/1/16,"10,105.12","10,281.69","10,048.52","10,219.96"
4/8/16,"10,227.12","10,234.16","10,004.77","10,119.69"
4/15/16,"10,154.08","10,377.66","10,114.45","10,355.57"
4/22/16,"10,315.65","10,572.24","10,304.22","10,511.00"
4/29/16,"10,487.83","10,593.21","10,370.35","10,436.92"
5/6/16,"10,450.13","10,503.41","10,230.50","10,308.83"
5/13/16,"10,300.66","10,424.68","10,210.26","10,228.06"
5/20/16,"10,243.20","10,355.25","10,119.65","10,250.49"
5/27/16,"10,237.99","10,475.77","10,222.31","10,469.52"
6/3/16,"10,479.88","10,504.46","10,369.50","10,487.95"
6/10/16,"10,508.50","10,648.05","10,417.11","10,446.10"
6/17/16,"10,400.15","10,452.62","10,166.98","10,347.94"
6/24/16,"10,456.92","10,641.17","10,164.42","10,183.52"
7/1/16,"10,084.48","10,535.79","9,918.72","10,515.76"
7/8/16,"10,452.48","10,582.45","10,308.22","10,571.78"
7/15/16,"10,606.03","10,815.43","10,600.16","10,773.12"
7/22/16,"10,773.11","10,811.74","10,733.09","10,805.04"
7/29/16,"10,787.57","10,797.99","10,692.83","10,785.51"
8/5/16,"10,768.75","10,782.87","10,619.39","10,782.87"
8/12/16,"10,789.85","10,848.19","10,761.07","10,822.41"
8/19/16,"10,838.34","10,892.15","10,754.65","10,829.15"
8/26/16,"10,798.10","10,879.28","10,710.06","10,749.32"
9/2/16,"10,753.45","10,867.85","10,704.00","10,856.92"
9/9/16,"10,879.64","10,903.86","10,613.53","10,613.53"
9/16/16,"10,563.73","10,760.59","10,487.80","10,532.27"
9/23/16,"10,533.42","10,818.11","10,533.42","10,717.99"
9/30/16,"10,675.25","10,764.27","10,587.93","10,721.74"
10/7/16,"10,721.85","10,721.85","10,579.63","10,626.92"
10/14/16,"10,671.22","10,711.82","10,425.91","10,521.31"
10/21/16,"10,516.30","10,626.44","10,481.59","10,571.88"
10/28/16,"10,610.58","10,629.63","10,447.25","10,476.62"
11/4/16,"10,476.92","10,513.52","10,281.48","10,289.35"
11/11/16,"10,416.34","10,735.00","10,416.34","10,652.24"
11/18/16,"10,660.45","10,759.15","10,633.98","10,709.51"
11/25/16,"10,753.25","10,878.10","10,752.08","10,878.09"
12/2/16,"10,857.47","10,890.04","10,786.40","10,838.58"
12/9/16,"10,890.15","11,194.23","10,888.72","11,191.79"
12/16/16,"11,200.19","11,256.07","11,086.39","11,125.22"
12/23/16,"11,127.00","11,176.68","11,100.93","11,128.80"
12/30/16,"11,601.30","11,688.45","11,034.05","11,056.90"
1/6/17,"11,138.85","11,264.17","11,094.29","11,237.62"
1/13/17,"11,209.71","11,244.32","11,136.19","11,227.17"
1/20/17,"11,209.72","11,221.90","11,118.47","11,192.79"
1/27/17,"11,311.33","11,314.32","11,270.64","11,283.19"
2/3/17,"11,228.36","11,316.73","11,147.11","11,310.74"
2/10/17,"11,278.41","11,390.89","11,196.93","11,377.72"
2/17/17,"11,378.11","11,525.21","11,378.11","11,510.91"
2/24/17,"11,517.94","11,590.35","11,486.17","11,541.29"
3/3/17,"11,531.40","11,687.07","11,498.92","11,598.37"
3/10/17,"11,556.63","11,562.60","11,411.84","11,500.76"
3/17/17,"11,507.19","11,630.93","11,428.73","11,589.02"
3/24/17,"11,582.72","11,607.23","11,372.30","11,418.89"
3/31/17,"11,341.33","11,537.70","11,324.50","11,492.85"
4/7/17,"11,495.33","11,560.82","11,394.34","11,445.58"
4/13/17,"11,454.11","11,496.73","11,324.53","11,324.53"
4/21/17,"11,351.67","11,449.15","11,327.22","11,389.13"
4/28/17,"11,515.01","11,653.18","11,512.14","11,536.08"
5/5/17,"11,550.41","11,615.61","11,490.42","11,615.61"
5/12/17,"11,607.28","11,612.18","11,508.18","11,547.06"
5/19/17,"11,547.44","11,642.85","11,374.65","11,542.69"
5/26/17,"11,574.83","11,666.90","11,560.38","11,631.87"
6/2/17,"11,607.00","11,728.80","11,554.86","11,718.69"
6/9/17,"11,700.46","11,754.76","11,635.57","11,744.73"
6/16/17,"11,749.35","11,811.51","11,693.90","11,772.02"
6/23/17,"11,801.83","11,836.96","11,678.90","11,733.20"
6/30/17,"11,761.45","11,837.60","11,683.31","11,761.70"
7/7/17,"11,801.45","11,869.82","11,694.08","11,752.98"
7/14/17,"11,744.24","11,918.17","11,684.75","11,897.31"
7/21/17,"11,894.69","11,963.55","11,843.82","11,924.60"
7/28/17,"11,918.53","11,985.80","11,891.66","11,954.69"
8/4/17,"11,976.21","12,012.65","11,938.90","11,984.89"
8/11/17,"11,983.72","12,019.84","11,753.30","11,763.21"
8/18/17,"11,820.19","11,891.04","11,670.88","11,699.83"
8/25/17,"11,700.11","11,845.50","11,678.22","11,812.03"
9/1/17,"11,831.02","11,934.97","11,728.98","11,918.08"
9/8/17,"11,894.93","11,902.44","11,783.87","11,887.98"
9/15/17,"11,943.47","12,080.68","11,943.47","12,080.14"
9/22/17,"12,094.83","12,158.98","12,091.73","12,151.80"
9/29/17,"12,144.07","12,209.45","12,108.01","12,209.16"
10/6/17,"12,209.16","12,351.14","12,200.13","12,317.69"
10/13/17,"12,328.19","12,377.89","12,281.18","12,352.00"
10/20/17,"12,365.99","12,430.65","12,322.13","12,430.52"
10/27/17,"12,436.76","12,443.80","12,280.31","12,366.43"
11/3/17,"12,349.36","12,414.61","12,308.84","12,373.06"
11/10/17,"12,373.07","12,415.97","12,268.07","12,322.61"
11/17/17,"12,281.19","12,328.16","12,178.89","12,302.89"
11/24/17,"12,306.66","12,431.69","12,294.96","12,421.93"
12/1/17,"12,421.31","12,673.70","12,390.30","12,614.57"
12/8/17,"12,685.78","12,724.50","12,512.03","12,643.06"
12/15/17,"12,653.10","12,739.80","12,629.07","12,699.68"
12/22/17,"12,760.53","12,826.03","12,741.87","12,797.44"
12/29/17,"12,794.13","12,886.11","12,794.13","12,808.84"
1/5/18,"12,860.94","13,104.52","12,842.27","13,103.23"
1/12/18,"13,096.65","13,299.19","13,065.24","13,294.34"
1/19/18,"13,343.82","13,384.46","13,215.27","13,384.46"
1/26/18,"13,547.28","13,637.02","13,539.20","13,637.02"
2/2/18,"13,592.80","13,605.91","13,075.88","13,085.35"
2/9/18,"12,974.19","13,050.16","12,048.66","12,405.82"
2/16/18,"12,496.35","12,961.12","12,416.91","12,874.36"
2/23/18,"12,817.14","12,896.93","12,687.24","12,884.11"
3/2/18,"12,922.16","13,018.15","12,391.21","12,558.00"
3/9/18,"12,498.45","12,918.82","12,482.78","12,918.82"
3/16/18,"12,930.43","12,963.42","12,722.93","12,784.39"
3/23/18,"12,755.55","12,776.33","12,166.54","12,177.70"
3/29/18,"12,327.06","12,517.27","12,241.48","12,452.06"
4/6/18,"12,432.89","12,605.08","12,107.72","12,349.11"
4/13/18,"12,412.94","12,640.88","12,374.92","12,546.05"
4/20/18,"12,601.40","12,774.37","12,571.21","12,607.16"
4/27/18,"12,618.07","12,675.93","12,408.78","12,594.02"
5/4/18,"12,615.35","12,641.93","12,255.85","12,493.35"
5/11/18,"12,493.35","12,788.75","12,458.25","12,761.82"
5/18/18,"12,791.89","12,821.54","12,668.75","12,717.42"
5/25/18,"12,771.57","12,853.32","12,606.86","12,634.95"
6/1/18,"12,516.55","12,647.91","12,391.15","12,620.83"
6/8/18,"12,620.83","12,833.57","12,620.83","12,832.07"
6/15/18,"12,845.09","12,888.98","12,659.97","12,734.64"
6/22/18,"12,660.67","12,711.68","12,539.83","12,639.57"
6/29/18,"12,584.95","12,607.40","12,377.04","12,504.25"
7/6/18,"12,430.70","12,684.35","12,400.54","12,664.88"
7/13/18,"12,712.33","12,820.07","12,665.59","12,769.50"
7/20/18,"12,758.52","12,825.69","12,717.07","12,789.91"
7/27/18,"12,788.50","12,985.57","12,765.58","12,921.34"
8/3/18,"12,936.78","12,989.46","12,803.90","12,953.34"
8/10/18,"12,939.77","13,039.57","12,818.01","12,843.49"
8/17/18,"12,836.65","12,928.18","12,648.32","12,908.27"
8/24/18,"12,930.15","13,032.25","12,922.84","12,999.44"
8/31/18,"13,043.43","13,148.41","12,965.48","13,016.89"
9/7/18,"12,976.05","12,993.16","12,875.63","12,911.12"
9/14/18,"12,952.09","13,064.88","12,873.38","13,050.52"
9/21/18,"13,059.23","13,261.77","13,020.59","13,236.44"
9/28/18,"13,235.21","13,237.81","13,065.93","13,082.52"
10/5/18,"13,146.30","13,175.61","12,935.65","12,991.95"
10/12/18,"12,955.69","13,014.92","12,299.06","12,439.42"
10/19/18,"12,437.74","12,653.90","12,397.25","12,457.27"
10/26/18,"12,474.15","12,489.80","11,847.79","11,976.95"
11/2/18,"12,031.74","12,449.94","11,820.32","12,321.80"
11/9/18,"12,364.38","12,682.06","12,364.38","12,537.53"
11/16/18,"12,517.73","12,523.01","12,146.07","12,400.28"
11/23/18,"12,388.11","12,407.82","12,016.07","12,036.24"
11/30/18,"12,111.20","12,464.41","12,111.20","12,457.55"
12/7/18,"12,602.90","12,624.75","11,852.83","11,941.93"
12/14/18,"11,922.72","12,075.05","11,696.58","11,755.38"
12/21/18,"11,716.14","11,752.74","11,013.41","11,036.84"
12/28/18,"10,976.23","11,418.86","10,723.66","11,290.95"
1/4/19,"11,338.24","11,559.02","11,169.46","11,533.34"
1/11/19,"11,539.35","11,851.55","11,502.26","11,848.01"
1/18/19,"11,783.52","12,164.70","11,745.57","12,151.77"
1/25/19,"12,075.40","12,164.48","11,926.81","12,127.25"
2/1/19,"12,312.26","12,350.55","12,287.21","12,329.69"
2/8/19,"12,315.49","12,431.95","12,186.66","12,292.15"
2/15/19,"12,304.80","12,603.84","12,274.95","12,603.47"
2/22/19,"12,567.68","12,700.06","12,560.35","12,694.52"
3/1/19,"12,746.41","12,769.64","12,637.84","12,700.67"
3/8/19,"12,728.96","12,737.50","12,336.49","12,415.13"
3/15/19,"12,429.89","12,749.57","12,429.90","12,715.77"
3/22/19,"12,732.28","12,854.82","12,533.29","12,539.41"
3/29/19,"12,526.49","12,704.59","12,486.07","12,696.88"
4/5/19,"12,775.84","12,927.90","12,773.54","12,927.72"
4/12/19,"12,927.73","12,994.98","12,834.45","12,969.54"
4/18/19,"12,979.27","13,002.84","12,869.86","12,922.72"
4/26/19,"12,900.41","13,010.99","12,850.12","12,991.20"
5/3/19,"12,992.73","13,069.09","12,860.61","13,037.88"
5/10/19,"13,037.88","13,037.88","12,569.84","12,788.14"
5/17/19,"12,617.22","12,800.90","12,480.27","12,657.63"
5/24/19,"12,615.67","12,732.86","12,461.35","12,581.36"
5/31/19,"12,597.71","12,628.63","12,238.40","12,264.49"
6/7/19,"12,288.51","12,814.81","12,273.09","12,765.86"
6/14/19,"12,821.49","12,900.77","12,767.84","12,787.25"
6/21/19,"12,789.68","13,095.57","12,769.53","13,047.24"
6/28/19,"13,047.24","13,061.25","12,911.99","13,049.72"
7/5/19,"13,178.33","13,239.90","13,084.61","13,210.91"
7/12/19,"13,210.88","13,237.18","13,091.90","13,234.76"
7/19/19,"13,255.13","13,255.13","13,089.49","13,111.99"
7/26/19,"13,130.29","13,244.05","13,087.52","13,235.50"
8/2/19,"13,235.49","13,249.04","12,767.01","12,839.50"
8/9/19,"12,666.30","12,835.05","12,408.26","12,748.42"
8/16/19,"12,688.78","12,789.08","12,325.93","12,580.41"
8/23/19,"12,687.83","12,750.27","12,370.07","12,416.45"
8/30/19,"12,430.73","12,785.40","12,426.06","12,736.88"
9/6/19,"12,720.19","12,963.57","12,600.71","12,933.38"
9/13/19,"12,975.02","13,171.47","12,900.81","13,124.34"
9/20/19,"13,134.00","13,177.88","13,024.95","13,093.80"
9/27/19,"13,084.81","13,128.06","12,913.42","12,971.98"
10/4/19,"12,988.89","13,038.13","12,482.02","12,831.55"
10/11/19,"12,816.24","13,025.25","12,589.82","12,926.92"
10/18/19,"12,923.48","13,078.12","12,883.96","13,006.64"
10/25/19,"13,019.25","13,170.69","13,019.25","13,146.24"
11/1/19,"13,183.90","13,300.35","13,116.58","13,300.27"
11/8/19,"13,321.18","13,436.97","13,319.79","13,407.81"
11/15/19,"13,347.30","13,492.97","13,325.52","13,492.96"
11/22/19,"13,488.48","13,508.88","13,360.66","13,440.95"
11/29/19,"13,471.52","13,611.49","13,471.52","13,545.21"
12/6/19,"13,554.29","13,612.06","13,280.04","13,588.29"
12/13/19,"13,570.54","13,773.13","13,521.24","13,697.34"
12/20/19,"13,781.65","13,914.28","13,781.65","13,889.25"
12/27/19,"13,906.87","13,978.61","13,885.56","13,944.15"
1/3/20,"13,951.26","14,003.39","13,843.98","13,917.05"
1/10/20,"13,856.72","14,021.65","13,852.73","13,957.97"
1/17/20,"13,980.47","14,183.26","13,963.87","14,183.20"
1/24/20,"14,126.12","14,168.20","13,920.57","13,978.47"
1/31/20,"13,746.64","13,922.44","13,573.04","13,614.10"
2/7/20,"13,964.00","14,069.33","13,912.04","13,931.93"
2/14/20,"13,904.02","14,148.24","13,899.53","14,097.34"
2/21/20,"14,047.91","14,115.95","13,931.13","13,975.78"
2/28/20,"13,654.00","13,654.00","12,024.45","12,380.97"
3/6/20,"12,441.43","13,015.66","12,106.74","12,352.03"
3/13/20,"11,748.61","11,794.00","10,054.47","10,851.98"
3/20/20,"10,413.70","10,413.70","8,953.60","9,133.16"
3/27/20,"9,014.58","10,556.90","8,664.94","10,187.21"
4/3/20,"10,238.13","10,499.80","9,766.81","9,880.63"
4/9/20,"10,264.13","11,272.48","10,233.04","11,136.61"
4/17/20,"11,109.00","11,241.23","10,718.13","11,208.29"
4/24/20,"11,016.88","11,181.81","10,667.29","11,017.90"
5/1/20,"11,106.03","11,675.30","11,011.46","11,058.57"
5/8/20,"10,965.77","11,360.11","10,900.39","11,354.34"
5/15/20,"11,244.25","11,345.43","10,551.55","10,947.32"
5/22/20,"11,282.89","11,477.33","11,247.29","11,331.97"
5/29/20,"11,636.54","11,939.74","11,590.31","11,802.95"
6/5/20,"11,799.92","12,752.15","11,781.88","12,641.44"
6/12/20,"12,734.55","12,836.68","11,636.01","11,867.17"
6/19/20,"11,565.82","12,318.75","11,525.36","11,980.12"
6/26/20,"11,963.30","12,176.43","11,578.81","11,604.43"
7/2/20,"11,683.07","12,138.83","11,605.47","11,991.52"
7/10/20,"12,181.29","12,218.19","11,831.04","12,075.58"
7/17/20,"12,159.75","12,427.49","11,963.50","12,402.74"
7/24/20,"12,413.15","12,617.18","12,352.72","12,461.78"
7/31/20,"12,481.01","12,688.69","12,320.73","12,465.05"
8/7/20,"12,513.21","12,766.05","12,470.47","12,765.84"
8/14/20,"12,797.78","13,010.96","12,794.53","12,902.50"
8/21/20,"12,942.31","12,975.54","12,739.00","12,809.07"
8/28/20,"12,904.95","13,173.97","12,881.40","13,170.96"
9/4/20,"13,134.39","13,299.73","12,723.79","12,917.15"
9/11/20,"12,777.55","12,969.47","12,659.16","12,773.04"
9/18/20,"12,868.31","13,128.68","12,779.40","12,833.57"
9/25/20,"12,617.45","12,833.57","12,228.97","12,485.38"
10/2/20,"12,650.05","12,803.52","12,551.97","12,749.79"
10/9/20,"12,842.49","13,297.00","12,824.20","13,252.62"
10/16/20,"13,289.55","13,350.59","12,960.98","13,169.32"
10/23/20,"13,218.76","13,247.75","12,999.41","13,199.86"
10/30/20,"13,063.80","13,063.81","12,293.75","12,429.28"
11/6/20,"12,573.34","13,270.47","12,535.93","13,218.68"
11/13/20,"13,726.21","13,930.88","13,476.23","13,761.32"
11/20/20,"13,946.19","14,004.61","13,714.27","13,827.00"
11/27/20,"13,934.20","14,271.09","13,911.31","14,198.50"
12/4/20,"14,140.95","14,417.40","13,977.05","14,417.33"
12/11/20,"14,375.55","14,476.68","14,260.89","14,355.29"
12/18/20,"14,445.36","14,529.88","14,214.04","14,467.82"
12/24/20,"14,257.73","14,457.29","14,171.77","14,382.50"
12/31/20,"14,476.35","14,533.21","14,371.87","14,524.80"
1/8/21,"14,601.45","15,006.16","14,258.25","14,966.83"
1/15/21,"14,828.03","15,129.12","14,791.65","14,894.17"
1/22/21,"15,026.64","15,114.11","14,881.38","14,951.84"
1/29/21,"14,951.84","14,995.55","14,328.46","14,397.20"
2/5/21,"14,975.44","15,087.97","14,975.43","15,069.60"
2/12/21,"15,069.60","15,373.77","15,069.60","15,369.60"
2/19/21,"15,370.22","15,483.20","15,205.04","15,362.69"
2/26/21,"15,362.69","15,566.47","14,943.97","15,010.47"
3/5/21,"15,010.47","15,396.52","14,765.55","15,251.83"
3/12/21,"15,251.83","15,717.81","15,236.93","15,715.21"
3/19/21,"15,715.21","15,797.94","15,454.11","15,562.26"
3/26/21,"15,562.26","15,687.18","15,138.69","15,682.54"
4/1/21,"15,682.54","15,752.33","15,522.66","15,752.24"
4/9/21,"15,752.24","15,956.38","15,752.24","15,956.37"
4/16/21,"15,956.37","16,207.10","15,902.16","16,186.29"
4/23/21,"16,186.30","16,246.37","15,887.40","16,206.00"
4/30/21,"16,206.00","16,413.28","16,199.48","16,219.33"
5/7/21,"16,219.33","16,598.02","16,156.99","16,590.43"
5/14/21,"16,590.44","16,685.90","16,030.30","16,415.36"
5/21/21,"16,415.36","16,475.00","16,040.43","16,375.00"
5/28/21,"16,375.00","16,588.69","16,375.00","16,555.66"
6/4/21,"16,555.66","16,718.67","16,530.20","16,708.74"
6/11/21,"16,708.74","16,726.95","16,607.14","16,694.93"
6/18/21,"16,694.93","16,694.93","16,142.50","16,143.95"
6/25/21,"16,143.95","16,678.00","16,143.95","16,658.79"
7/2/21,"16,658.79","16,689.43","16,517.03","16,674.85"
7/9/21,"16,674.85","16,674.84","16,245.48","16,633.30"
7/16/21,"16,633.30","16,681.65","16,345.51","16,364.66"
7/23/21,"16,364.66","16,564.14","15,954.69","16,552.38"
7/30/21,"16,552.38","16,750.67","16,430.52","16,602.29"
8/6/21,"16,602.29","16,775.90","16,509.62","16,748.08"
8/13/21,"16,748.08","16,887.25","16,678.55","16,868.11"
8/20/21,"16,868.11","16,868.11","16,345.40","16,516.68"
8/27/21,"16,516.68","16,858.43","16,516.68","16,844.75"
9/3/21,"16,844.75","16,944.48","16,783.05","16,909.72"
9/10/21,"16,909.72","16,909.72","16,562.62","16,563.48"
9/17/21,"16,563.48","16,689.05","16,442.36","16,460.35"
9/24/21,"16,460.35","16,627.02","15,988.03","16,539.15"
10/1/21,"16,539.15","16,658.52","16,094.50","16,323.74"
10/8/21,"16,323.74","16,601.69","16,096.85","16,517.23"
10/15/21,"16,517.23","16,914.67","16,359.35","16,871.74"
10/22/21,"16,871.74","17,157.39","16,776.61","17,122.24"
10/29/21,"17,122.24","17,228.30","16,920.38","17,016.41"
11/5/21,"17,016.41","17,306.21","17,016.41","17,242.36"
11/12/21,"17,242.36","17,341.78","17,145.00","17,297.66"
11/19/21,"17,297.66","17,364.31","16,965.80","16,973.97"
11/26/21,"16,973.97","17,082.70","16,546.56","16,624.87"
12/3/21,"16,624.87","16,794.55","16,133.21","16,347.87"
12/10/21,"16,347.87","16,923.74","16,347.87","16,856.63"
12/17/21,"16,856.63","16,985.09","16,567.19","16,668.64"
12/23/21,"16,668.64","17,011.48","16,310.57","16,963.44"
12/31/21,"16,963.44","17,238.65","16,963.44","17,164.13"
1/7/22,"17,164.13","17,415.61","17,048.97","17,166.28"
1/14/22,"17,166.28","17,442.54","16,894.91","17,219.06"
1/21/22,"17,219.06","17,219.06","16,362.99","16,397.34"
1/28/22,"16,397.34","16,598.16","15,816.09","16,397.86"
2/4/22,"16,677.40","16,817.27","16,552.37","16,701.58"
2/11/22,"16,701.58","17,160.33","16,600.29","16,664.99"
2/18/22,"16,664.99","16,813.01","16,333.51","16,392.32"
2/25/22,"16,392.32","16,432.79","15,571.36","16,427.96"
3/4/22,"16,427.96","16,434.99","15,954.19","16,129.66"
3/11/22,"16,129.66","16,129.66","15,621.76","15,753.70"
3/18/22,"15,753.70","16,615.96","15,635.77","16,612.64"
3/25/22,"16,612.64","16,794.18","16,514.99","16,792.81"
4/1/22,"16,792.81","17,034.91","16,640.14","16,787.75"
4/8/22,"16,787.75","16,889.38","16,449.77","16,689.95"
4/14/22,"16,689.95","16,693.48","16,419.08","16,511.51"
4/22/22,"16,511.51","16,882.64","16,047.54","16,056.87"
4/29/22,"16,056.87","16,095.69","15,593.23","15,615.25"
5/6/22,"15,615.25","16,139.67","15,324.73","15,566.56"
5/13/22,"15,566.56","15,566.56","14,695.69","15,257.36"
5/20/22,"15,257.36","15,544.55","14,785.20","15,080.98"
5/27/22,"15,080.98","15,942.84","15,056.42","15,942.62"
6/3/22,"15,942.62","15,960.77","15,588.78","15,797.17"
6/10/22,"15,797.17","16,022.83","15,078.14","15,096.69"
6/17/22,"15,096.69","15,096.69","13,993.20","14,097.05"
6/24/22,"14,097.05","14,813.23","14,097.05","14,811.55"
7/1/22,"14,811.55","15,028.05","14,321.16","14,636.76"
7/8/22,"14,636.76","14,726.63","14,217.98","14,642.33"
7/15/22,"14,642.33","14,642.33","13,988.86","14,449.68"
7/22/22,"14,449.68","14,946.33","14,376.88","14,790.79"
7/29/22,"14,790.79","15,354.73","14,761.27","15,327.71"
8/5/22,"15,327.71","15,328.26","15,100.63","15,273.24"
8/12/22,"15,273.24","15,805.77","15,225.20","15,804.39"
8/19/22,"15,804.39","15,897.67","15,555.51","15,588.32"
8/26/22,"15,588.32","15,628.35","15,177.25","15,178.21"
9/2/22,"15,178.21","15,229.26","14,576.65","14,689.50"
9/9/22,"14,689.50","15,222.79","14,562.78","15,190.79"
9/16/22,"15,190.79","15,397.14","14,468.92","14,573.91"
9/23/22,"14,573.91","14,677.53","13,640.88","13,796.99"
9/30/22,"13,796.99","13,894.65","13,466.98","13,472.18"
10/7/22,"13,472.18","14,340.85","13,472.18","13,798.26"
10/14/22,"13,798.26","14,041.95","13,278.56","13,607.31"
10/21/22,"13,607.31","14,207.84","13,607.31","14,144.05"
10/28/22,"14,144.05","14,802.22","14,085.42","14,795.63"
11/4/22,"14,795.63","14,929.38","14,297.06","14,702.78"
11/11/22,"14,702.78","15,388.06","14,568.99","15,352.69"
11/18/22,"15,320.43","15,485.49","15,071.20","15,309.77"
11/25/22,"15,309.77","15,625.72","15,180.19","15,605.67"
12/2/22,"15,605.67","15,854.14","15,350.10","15,767.02"
12/9/22,"15,767.02","15,767.02","15,240.86","15,291.05"
12/16/22,"15,291.05","15,819.15","14,920.18","15,018.17"
12/23/22,"15,018.17","15,250.91","14,866.80","15,188.45"
12/30/22,"15,188.45","15,269.06","15,033.47","15,184.31"
1/6/23,"15,184.31","15,568.90","15,053.17","15,539.74"
1/13/23,"15,539.74","15,940.61","15,464.19","15,918.37"
1/20/23,"15,918.37","15,973.29","15,504.07","15,777.55"
1/27/23,"15,777.55","16,032.12","15,681.80","15,962.58"
2/3/23,"15,962.58","16,222.20","15,809.66","15,999.40"
2/10/23,"15,828.60","15,922.96","15,787.25","15,910.69"
2/17/23,"15,910.69","16,131.75","15,732.77","15,840.16"
2/24/23,"15,840.16","15,840.16","15,347.28","15,464.46"
3/3/23,"15,464.46","15,732.72","15,342.71","15,721.06"
3/10/23,"15,721.07","15,772.65","14,830.91","14,894.18"
3/17/23,"14,894.18","15,044.65","14,471.08","14,599.05"
3/24/23,"14,599.05","15,076.13","14,514.57","14,758.57"
3/31/23,"14,758.57","15,377.02","14,758.57","15,374.91"
4/6/23,"15,374.91","15,514.92","15,304.06","15,379.13"
4/14/23,"15,379.13","15,707.81","15,297.78","15,601.78"
4/21/23,"15,601.78","15,710.47","15,512.62","15,578.93"
4/28/23,"15,578.93","15,623.04","15,201.10","15,545.88"
5/5/23,"15,545.88","15,622.56","15,055.43","15,380.87"
5/12/23,"15,380.87","15,448.71","15,167.78","15,246.36"
5/19/23,"15,246.36","15,421.80","15,128.62","15,324.32"
5/26/23,"15,324.32","15,387.76","14,898.71","15,078.69"
6/2/23,"15,078.69","15,365.70","14,810.57","15,345.19"
6/9/23,"15,345.20","15,557.31","15,258.92","15,499.91"
6/16/23,"15,499.91","15,904.20","15,483.04","15,795.12"
6/23/23,"15,795.12","15,795.12","15,449.75","15,469.35"
6/30/23,"15,469.35","15,908.71","15,469.35","15,875.91"
7/7/23,"15,875.91","15,932.01","15,557.97","15,671.63"
7/14/23,"15,671.63","16,130.71","15,648.68","16,040.23"
7/21/23,"16,040.23","16,324.13","15,977.24","16,289.12"
7/28/23,"16,289.12","16,458.89","16,254.16","16,363.26"
8/4/23,"16,363.26","16,448.00","16,059.83","16,071.06"
8/11/23,"16,071.06","16,319.90","16,025.37","16,143.38"
8/18/23,"16,143.38","16,143.38","15,626.92","15,750.17"
8/25/23,"15,750.17","15,894.31","15,632.57","15,766.91"
9/1/23,"15,766.91","16,152.36","15,766.91","16,091.79"
9/8/23,"16,091.79","16,096.51","15,811.66","15,878.99"
9/15/23,"15,878.99","16,105.86","15,878.99","15,973.68"
9/22/23,"15,973.68","16,029.81","15,561.79","15,569.51"
9/29/23,"15,569.51","15,597.65","15,288.45","15,398.21"
10/6/23,"15,398.21","15,398.21","14,924.95","15,214.02"
10/13/23,"15,214.02","15,524.92","15,166.50","15,323.70"
10/20/23,"15,323.70","15,618.90","15,031.64","15,033.31"
10/27/23,"15,033.31","15,086.10","14,638.37","14,675.78"
11/3/23,"14,675.78","15,539.88","14,675.78","15,475.20"
11/10/23,"15,475.20","15,523.81","15,207.58","15,388.44"
11/17/23,"15,388.44","15,848.54","15,321.53","15,813.46"
11/24/23,"15,813.46","15,998.30","15,782.47","15,983.82"
12/1/23,"15,983.82","16,271.70","15,897.47","16,263.75"
12/8/23,"16,263.75","16,272.93","16,081.78","16,207.76"
12/15/23,"16,207.76","16,774.06","16,194.93","16,609.84"
12/22/23,"16,609.84","16,827.04","16,532.80","16,770.45"
12/29/23,"16,770.45","16,933.62","16,770.45","16,852.89"
1/5/24,"16,852.89","16,894.51","16,690.52","16,758.24"
1/12/24,"16,758.24","16,909.17","16,673.00","16,799.54"
1/19/24,"16,799.54","16,799.54","16,462.86","16,729.55"
1/26/24,"16,729.55","16,970.90","16,729.55","16,949.11"
2/2/24,"16,949.11","17,167.68","16,906.17","17,101.97"
2/9/24,"17,101.97","17,286.47","16,932.56","17,275.87"
2/16/24,"17,275.87","17,502.54","16,965.94","17,409.30"
2/23/24,"17,409.30","17,642.10","17,278.14","17,616.02"
3/1/24,"17,616.02","17,738.15","17,530.60","17,728.27"
3/8/24,"17,728.27","18,021.87","17,613.47","17,889.62"
3/15/24,"17,889.62","18,064.12","17,755.04","17,848.08"
3/22/24,"17,848.09","18,272.72","17,846.09","18,112.04"
3/28/24,"18,112.04","18,342.24","18,059.19","18,312.67"
4/5/24,"18,312.67","18,315.15","17,956.75","18,122.26"
4/12/24,"18,122.26","18,233.23","17,593.55","17,639.04"
4/19/24,"17,639.04","17,827.32","17,336.80","17,458.77"
4/26/24,"17,458.77","17,810.36","17,452.44","17,763.27"
5/3/24,"17,763.27","17,843.97","17,539.80","17,797.89"
5/10/24,"17,797.89","18,213.64","17,797.89","18,162.05"
5/17/24,"18,162.06","18,389.78","18,128.74","18,388.26"
5/24/24,"18,388.26","18,421.92","18,005.06","18,110.60"
5/31/24,"18,110.60","18,116.10","17,780.09","18,083.69"
6/7/24,"18,083.69","18,105.93","17,843.40","17,985.63"
6/14/24,"17,985.63","18,144.67","17,713.48","17,817.26"
6/21/24,"17,817.26","18,049.52","17,762.02","17,995.69"
6/28/24,"17,995.70","18,189.42","17,940.03","18,026.50"
7/5/24,"18,026.50","18,138.31","17,928.86","18,098.90"
7/12/24,"18,098.90","18,591.41","18,022.68","18,505.92"
7/19/24,"18,505.92","18,798.92","18,391.37","18,406.05"
7/26/24,"18,406.05","18,626.88","18,289.65","18,564.48"
8/2/24,"18,564.48","18,841.48","17,991.03","18,162.26"
8/9/24,"18,162.26","18,305.02","17,561.50","18,267.15"
8/16/24,"18,267.15","18,769.86","18,177.31","18,753.77"
8/23/24,"18,753.77","19,099.53","18,753.77","19,093.48"
8/30/24,"19,093.48","19,298.03","18,985.21","19,292.23"
9/6/24,"19,292.23","19,292.23","18,639.83","18,663.14"
9/13/24,"18,663.15","19,161.17","18,513.07","19,121.50"
9/20/24,"19,121.50","19,471.24","19,121.50","19,373.74"
9/27/24,"19,373.74","19,597.32","19,363.21","19,501.22"
10/4/24,"19,501.22","19,541.03","19,317.15","19,538.68"
10/11/24,"19,538.68","19,719.61","19,367.30","19,711.22"
10/18/24,"19,711.22","19,905.65","19,669.80","19,884.81"
10/25/24,"19,884.81","19,884.81","19,438.80","19,456.27"
11/1/24,"19,456.27","19,575.91","19,236.64","19,253.54"
11/8/24,"19,253.54","19,990.34","19,196.39","19,937.13"
11/15/24,"19,937.13","20,084.53","19,609.45","19,645.77"
11/22/24,"19,645.77","20,132.48","19,566.05","20,123.45"
11/29/24,"20,123.45","20,332.50","20,123.45","20,272.04"
12/6/24,"20,272.04","20,315.58","20,083.94","20,107.79"
12/13/24,"20,107.79","20,180.95","19,699.23","19,729.37"
12/20/24,"19,729.37","19,773.05","18,860.61","19,119.44"
12/27/24,"19,119.44","19,387.38","19,009.57","19,238.48"
1/3/25,"19,238.48","19,276.70","18,953.55","19,254.29"
1/10/25,"19,254.29","19,426.84","18,941.51","18,963.01"
1/17/25,"18,963.01","19,673.71","18,857.23","19,607.37"
1/24/25,"19,607.37","20,047.14","19,607.37","19,997.47"
1/31/25,"19,997.47","20,218.73","19,839.44","19,998.82"
2/4/25,"19,998.82","19,998.82","19,639.31","19,964.61"